1,fonts.googleapis.com
2,facebook.com
3,twitter.com
4,google.com
5,youtube.com
6,s.w.org
7,instagram.com
8,googletagmanager.com
9,linkedin.com
10,ajax.googleapis.com
11,plus.google.com
12,gmpg.org
13,pinterest.com
14,fonts.gstatic.com
15,wordpress.org
16,en.wikipedia.org
17,youtu.be
18,maps.google.com
19,itunes.apple.com
20,github.com
21,bit.ly
22,play.google.com
23,goo.gl
24,docs.google.com
25,cdnjs.cloudflare.com
26,vimeo.com
27,support.google.com
28,google-analytics.com
29,maps.googleapis.com
30,flickr.com
31,vk.com
32,t.co
33,reddit.com
34,amazon.com
35,medium.com
36,sites.google.com
37,drive.google.com
38,creativecommons.org
39,microsoft.com
40,developers.google.com
41,adobe.com
42,soundcloud.com
43,theguardian.com
44,apis.google.com
45,ec.europa.eu
46,lh3.googleusercontent.com
47,chrome.google.com
48,cloudflare.com
49,nytimes.com
50,maxcdn.bootstrapcdn.com
